Run ID (log path),QC (min query count),Max latency (ns),QPS w/ loadgen overhead,QPS w/o loadgen overhead
A100_v1.1_logs,256,4718531,342.72,348.00
A100_v1.1_logs,256,4683145,348.36,353.58
A100_v1.1_logs,128,4473700,310.36,316.43
A100_v1.1_logs,256,4742988,334.50,341.15
A100_v1.1_logs,256,4519026,340.99,346.86
A100_v1.1_logs,128,4586312,301.06,304.29
A100_v1.1_logs,256,5040447,332.90,338.77
A100_v1.1_logs,32,4414128,238.66,240.33
A100_v1.1_logs,64,4621740,248.57,250.23
A100_v1.1_logs,64,4763666,263.28,267.43
A100_v1.1_logs,16,4434617,238.36,239.50
A100_v1.1_logs,64,4819701,267.83,268.89
A100_v1.1_logs,256,4443263,338.03,341.13
A100_v1.1_logs,256,4889963,329.73,334.64
A100_v1.1_logs,64,4487036,280.89,284.44
A100_v1.1_logs,256,4747185,346.88,352.05
A100_v1.1_logs,32,4497236,236.45,237.85
A100_v1.1_logs,16,4439676,237.82,239.01
A100_v1.1_logs,16,4870057,236.14,237.50
A100_v1.1_logs,64,4724212,276.21,278.39
A100_v1.1_logs,128,4779767,307.96,313.18
A100_v1.1_logs,256,4896136,341.57,347.84
A100_v1.1_logs,32,4856732,232.64,236.66
A100_v1.1_logs,16,5005320,235.56,236.79
A100_v1.1_logs,64,4934027,251.04,253.83
A100_v1.1_logs,64,4582085,262.28,265.24
A100_v1.1_logs,128,4596421,318.32,321.72
A100_v1.1_logs,128,4471037,310.02,312.55
A100_v1.1_logs,128,4626809,288.64,295.94
A100_v1.1_logs,128,5252014,311.26,317.08
A100_v1.1_logs,128,4718171,293.11,295.81
A100_v1.1_logs,128,4516331,291.72,297.44
A100_v1.1_logs,128,4498938,296.75,302.17
A100_v1.1_logs,64,4997365,276.90,283.24
A100_v1.1_logs,32,4710817,238.29,239.03
A100_v1.1_logs,128,4716177,302.58,306.42
A100_v1.1_logs,32,4861720,236.28,237.27
A100_v1.1_logs,32,4423727,239.37,240.19
A100_v1.1_logs,16,4423636,237.88,239.09
A100_v1.1_logs,32,4426181,236.91,238.34
A100_v1.1_logs,16,4822096,233.45,234.87
A100_v1.1_logs,64,4792751,267.86,270.44
A100_v1.1_logs,16,4648880,235.03,236.47
A100_v1.1_logs,256,4824241,329.79,334.48
A100_v1.1_logs,256,4596772,349.23,352.66
A100_v1.1_logs,32,4521481,235.46,239.17
A100_v1.1_logs,64,5093656,275.56,280.78
A100_v1.1_logs,16,4704545,232.22,233.78
A100_v1.1_logs,32,4509899,237.25,238.32
A100_v1.1_logs,128,4514067,304.23,308.49
A100_v1.1_logs,64,4483108,276.20,280.51
A100_v1.1_logs,16,4618934,236.73,238.00
A100_v1.1_logs,64,4594548,254.85,259.90
A100_v1.1_logs,256,5078388,332.49,339.10
A100_v1.1_logs,16,4443735,239.14,240.28
A100_v1.1_logs,64,4482948,279.14,284.24
A100_v1.1_logs,64,4599167,263.44,266.76
A100_v1.1_logs,128,4682593,295.54,299.93
A100_v1.1_logs,256,4494601,336.26,342.34
A100_v1.1_logs,32,4845560,244.88,246.91
A100_v1.1_logs,256,4747877,345.37,355.38
A100_v1.1_logs,16,4876238,237.28,238.54
A100_v1.1_logs,16,4428165,238.97,240.10
A100_v1.1_logs,16,4865958,236.35,238.03
A100_v1.1_logs,256,4651065,334.90,342.56
A100_v1.1_logs,64,4830593,240.02,243.44
A100_v1.1_logs,64,4547289,279.04,282.99
A100_v1.1_logs,32,4465647,238.17,239.25
A100_v1.1_logs,128,4653740,298.55,303.23
A100_v1.1_logs,128,4924689,296.27,298.79
A100_v1.1_logs,16,4904351,235.16,236.51
A100_v1.1_logs,16,4493099,237.79,239.12
A100_v1.1_logs,64,4689167,243.28,244.87
A100_v1.1_logs,64,4609717,246.26,249.41
A100_v1.1_logs,32,4514878,235.24,238.00
A100_v1.1_logs,32,4948063,234.84,237.14
A100_v1.1_logs,128,5064922,310.60,315.06
A100_v1.1_logs,16,4487837,237.24,238.59
A100_v1.1_logs,128,4731135,301.16,304.74
A100_v1.1_logs,32,4695478,235.01,236.41
A100_v1.1_logs,128,4847003,318.93,322.74
A100_v1.1_logs,256,5051537,338.77,344.56
A100_v1.1_logs,16,4796388,235.73,237.05
A100_v1.1_logs,32,4520920,237.89,238.74
A100_v1.1_logs,256,4638701,331.49,335.10
A100_v1.1_logs,256,4491324,346.97,352.63
A100_v1.1_logs,256,4966207,340.09,345.79
A100_v1.1_logs,32,4602874,238.36,239.09
A100_v1.1_logs,128,4842465,302.25,305.12
A100_v1.1_logs,64,5108565,250.36,253.39
A100_v1.1_logs,16,4474072,238.73,239.80
A100_v1.1_logs,16,4801087,234.85,236.27
A100_v1.1_logs,64,5130025,238.71,240.69
A100_v1.1_logs,16,4730714,237.16,238.46
A100_v1.1_logs,256,4662526,343.16,348.66
A100_v1.1_logs,32,5275068,236.98,238.34
A100_v1.1_logs,32,4658269,234.43,237.15
A100_v1.1_logs,16,4503136,238.44,239.50
A100_v1.1_logs,16,5094890,234.80,236.14
A100_v1.1_logs,128,4724663,310.71,316.95
A100_v1.1_logs,16,4827617,234.32,238.18
A100_v1.1_logs,16,4465055,240.51,241.54
A100_v1.1_logs,16,4481004,238.02,239.10
A100_v1.1_logs,32,4904813,237.02,237.82
A100_v1.1_logs,16,4420441,239.39,240.58
A100_v1.1_logs,32,4868554,238.49,239.27
A100_v4.1_logs,128,2277911,649.28,661.27
A100_v4.1_logs,256,1854226,684.60,691.24
A100_v4.1_logs,256,1850609,685.32,691.58
A100_v4.1_logs,128,2022892,651.99,655.58
A100_v4.1_logs,32,2012916,629.12,637.78
A100_v4.1_logs,256,1999259,677.55,689.49
A100_v4.1_logs,256,2155942,656.91,671.68
A100_v4.1_logs,16,1976454,636.09,642.58
A100_v4.1_logs,64,2305194,661.74,673.16
A100_v4.1_logs,16,1988130,597.28,603.01
A100_v4.1_logs,128,1859666,675.38,685.27
A100_v4.1_logs,16,1874406,599.08,604.66
A100_v4.1_logs,64,1938304,675.17,680.17
A100_v4.1_logs,64,1917223,647.70,653.13
A100_v4.1_logs,64,1896835,654.89,665.52
A100_v4.1_logs,32,1919841,615.74,625.07
A100_v4.1_logs,16,1844948,617.63,623.00
A100_v4.1_logs,64,2393663,635.97,641.25
A100_v4.1_logs,32,1921754,622.02,626.33
A100_v4.1_logs,256,2027571,662.57,675.76
A100_v4.1_logs,128,2180498,647.17,651.92
A100_v4.1_logs,256,2266964,658.58,669.79
A100_v4.1_logs,32,2051358,625.53,633.02
A100_v4.1_logs,64,1849237,671.15,679.72
A100_v4.1_logs,32,1885146,615.53,631.59
A100_v4.1_logs,16,1736716,635.61,652.94
A100_v4.1_logs,16,1769585,658.02,664.33
A100_v4.1_logs,32,1802119,656.51,661.00
A100_v4.1_logs,16,1885073,610.99,616.22
A100_v4.1_logs,64,1958394,616.43,650.21
A100_v4.1_logs,16,1797878,630.14,647.88
A100_v4.1_logs,16,1786529,646.75,651.70
A100_v4.1_logs,128,1855489,682.96,687.68
A100_v4.1_logs,128,1973262,649.48,664.02
A100_v4.1_logs,256,1843135,688.14,698.64
A100_v4.1_logs,32,1735363,675.09,680.50
A100_v4.1_logs,16,1719090,660.20,666.79
A100_v4.1_logs,32,1737795,659.22,664.38
A100_v4.1_logs,32,1870716,631.24,635.65
A100_v4.1_logs,32,1880084,625.74,630.51
A100_v4.1_logs,32,1752475,666.17,671.07
A100_v4.1_logs,128,1843095,684.97,689.05
A100_v4.1_logs,128,2116037,642.91,658.77
A100_v4.1_logs,128,2366027,654.64,657.98
A100_v4.1_logs,16,1827878,619.50,624.58
A100_v4.1_logs,64,2057527,628.98,651.47
A100_v4.1_logs,16,1865246,587.85,593.96
A100_v4.1_logs,128,2021459,651.10,654.88
A100_v4.1_logs,32,1972400,622.43,625.63
A100_v4.1_logs,64,1853432,678.19,683.28
A100_v4.1_logs,256,1845519,677.08,689.84
A100_v4.1_logs,128,1878161,681.87,686.33
A100_v4.1_logs,64,1843574,676.37,681.60
A100_v4.1_logs,128,2047569,649.43,659.02
A100_v4.1_logs,128,1962278,673.65,679.24
A100_v4.1_logs,16,1719965,657.99,663.91
A100_v4.1_logs,128,1963680,656.93,660.94
A100_v4.1_logs,256,1958250,662.61,671.50
A100_v4.1_logs,128,1862612,678.83,690.38
A100_v4.1_logs,64,1843645,675.07,680.29
A100_v4.1_logs,128,1939637,686.33,696.38
A100_v4.1_logs,16,1831432,620.34,625.77
A100_v4.1_logs,16,1857131,595.66,610.39
A100_v4.1_logs,16,1717577,651.65,667.17
A100_v4.1_logs,64,1825360,687.11,692.94
A100_v4.1_logs,256,1994299,685.58,689.51
A100_v4.1_logs,64,2318741,633.00,638.15
A100_v4.1_logs,16,1921414,597.30,610.48
A100_v4.1_logs,16,1763546,644.56,650.79
A100_v4.1_logs,64,2001692,643.41,648.90
A100_v4.1_logs,128,1828596,668.01,695.36
A100_v4.1_logs,64,2172072,631.93,645.66
A100_v4.1_logs,128,1837665,682.08,686.45
A100_v4.1_logs,256,1839608,681.52,690.18
A100_v4.1_logs,32,1710765,679.64,684.73
A100_v4.1_logs,64,1951592,641.03,646.21
A100_v4.1_logs,16,1837575,618.39,625.87
A100_v4.1_logs,16,1753004,655.56,661.75
A100_v4.1_logs,64,1999661,642.22,647.20
A100_v4.1_logs,32,2184394,650.71,656.13
A100_v4.1_logs,32,2272201,617.38,621.59
A100_v4.1_logs,32,2177292,621.52,624.76
A100_v4.1_logs,256,2006845,657.45,676.07
A100_v4.1_logs,32,1865116,627.62,631.95
A100_v4.1_logs,128,1863975,671.09,684.55
A100_v4.1_logs,16,1713950,653.78,658.62
A100_v4.1_logs,64,2050668,636.78,641.86
A100_v4.1_logs,128,2245554,644.95,657.67
A100_v4.1_logs,64,1850008,669.42,679.43
A100_v4.1_logs,256,2075683,679.52,686.04
A100_v4.1_logs,16,1904322,606.25,611.94
A100_v4.1_logs,16,2062850,594.42,600.50
A100_v4.1_logs,64,2114465,654.23,659.38
A100_v4.1_logs,128,1803839,682.37,686.92
A100_v4.1_logs,64,1930750,663.72,668.98
A100_v4.1_logs,32,1986955,606.34,611.01
A100_v4.1_logs,32,1735263,660.71,665.97
A100_v4.1_logs,16,2050895,600.18,603.99
A100_v4.1_logs,128,2356132,642.61,658.18
A100_v4.1_logs,32,1835108,654.28,658.24
A100_v4.1_logs,256,2107881,667.42,673.57
A100_v4.1_logs,16,1744789,650.09,656.43
A100_v4.1_logs,256,2295464,672.22,678.74
A100_v4.1_logs,16,1919750,626.34,634.16
A100_v4.1_logs,64,1943854,644.27,654.00
A100_v4.1_logs,128,1988170,651.62,668.90
A100_v4.1_logs,16,1729289,636.62,643.27
A100_v4.1_logs,256,1945515,665.97,676.02
A100_v4.1_logs,64,1984188,671.32,676.11
A100_v4.1_logs,256,2140672,678.30,689.49
A100_v4.1_logs,32,1912495,629.07,633.10
A100_v4.1_logs,256,1960164,660.19,676.82
A100_v4.1_logs,128,1856030,677.65,682.21
A100_v4.1_logs,16,1733457,659.66,665.35
A100_v4.1_logs,128,1907086,679.42,683.45
A100_v4.1_logs,16,1875087,589.51,605.05
A100_v4.1_logs,32,2374162,614.72,619.07
A100_v4.1_logs,16,2020360,599.49,603.21
A100_v4.1_logs,32,1826335,625.79,640.25
A100_v4.1_logs,32,1738857,664.56,669.10
A100_v4.1_logs,32,2546790,612.84,617.40
A100_v4.1_logs,32,1746274,660.60,665.65
A100_v4.1_logs,256,2065876,664.11,671.37
A100_v4.1_logs,64,2229362,638.01,642.48
A100_v4.1_logs,64,2170920,665.19,670.52
A100_v4.1_logs,16,1772403,642.25,648.77
A100_v4.1_logs,16,1736115,648.08,654.66
A100_v4.1_logs,32,1978527,652.77,657.77
A100_v4.1_logs,128,2081301,671.86,675.44
A100_v4.1_logs,128,2067335,648.85,653.23
A100_v4.1_logs,256,1855989,686.34,692.84
A100_v4.1_logs,128,1857731,665.36,684.02
A100_v4.1_logs,32,1804444,661.60,666.31
A100_v4.1_logs,256,2358613,660.56,675.68
A100_v4.1_logs,256,2103106,665.91,672.37
A100_v4.1_logs,32,1984480,615.24,622.00
A100_v4.1_logs,128,2004678,671.96,681.77
A100_v4.1_logs,32,2090191,610.75,615.91
A100_v4.1_logs,256,2012694,674.98,682.26
A100_v4.1_logs,128,2106919,671.78,675.90
A100_v4.1_logs,16,1884632,600.26,603.50
A100_v4.1_logs,256,1938654,681.20,688.59
A100_v4.1_logs,64,2464075,627.73,642.02
A100_v4.1_logs,32,1735343,662.25,667.74
A100_v4.1_logs,256,1848816,675.98,692.24
A100_v4.1_logs,64,2027663,644.24,649.17
A100_v4.1_logs,16,1756841,646.25,652.37
A100_v4.1_logs,64,2089349,638.04,643.30
A100_v4.1_logs,32,1879712,650.58,655.94
A100_v4.1_logs,16,1739859,633.50,649.07
A100_v4.1_logs,64,1968259,647.06,652.29
A100_v4.1_logs,256,2082704,657.02,675.97
A100_v4.1_logs,128,2120417,672.29,676.82
A100_v4.1_logs,32,1744892,661.97,666.81
A100_v4.1_logs,128,1937975,666.05,670.44
A100_v4.1_logs,32,1739529,656.14,661.21
A100_v4.1_logs,32,1991564,625.40,629.92
A100_v4.1_logs,64,1811977,678.29,683.23
A100_v4.1_logs,256,1995172,660.85,675.78
A100_v4.1_logs,256,2268817,665.51,676.17
A100_v4.1_logs,16,1735921,650.44,656.63
A100_v4.1_logs,16,1940547,591.88,600.50
A100_v4.1_logs,64,2004377,643.89,649.43
A100_v4.1_logs,256,1854796,685.83,692.36
A100_v4.1_logs,32,1731406,664.42,669.25
A100_v4.1_logs,32,1741242,665.47,670.68
A100_v4.1_logs,16,2031551,599.31,605.17
A100_v4.1_logs,16,1742948,644.01,650.71
A100_v4.1_logs,32,2056157,616.25,620.47
A100_v4.1_logs,16,1720723,638.35,657.12
A100_v4.1_logs,64,1836704,677.79,683.05
A100_v4.1_logs,256,2114644,657.96,674.99
A100_v4.1_logs,128,1892730,673.82,678.36
A100_v4.1_logs,64,1973239,639.36,647.28
A100_v4.1_logs,32,1739869,661.61,667.30
A100_v4.1_logs,16,1736153,649.79,655.78
A100_v4.1_logs,256,2122530,679.05,685.26
A100_v4.1_logs,128,1958411,661.01,665.44
A100_v4.1_logs,128,1839349,678.63,683.01
A100_v4.1_logs,16,1762151,644.56,655.05
A100_v4.1_logs,16,1740040,643.62,650.54
A100_v4.1_logs,16,1852221,641.91,648.53
A100_v4.1_logs,256,1845549,685.77,692.03
A100_v4.1_logs,256,2019296,682.35,688.34
A100_v4.1_logs,16,1728888,648.75,655.13
A100_v4.1_logs,256,2086643,681.03,688.73
A100_v4.1_logs,16,1893569,599.40,604.63
A100_v4.1_logs,16,1921675,599.34,604.96
A100_v4.1_logs,64,1843774,672.60,676.63
A100_v4.1_logs,128,1934776,673.08,677.30
A100_v4.1_logs,64,1842312,676.30,681.56
A100_v4.1_logs,256,1992157,659.29,676.95
A100_v4.1_logs,256,1976808,673.63,681.52
A100_v4.1_logs,256,1936770,672.27,679.78
A100_v4.1_logs,64,2277883,651.02,670.56
A100_v4.1_logs,256,1958714,665.83,674.81
A100_v4.1_logs,128,2410634,646.50,658.80
A100_v4.1_logs,16,1742134,644.57,651.25
A100_v4.1_logs,128,2202623,656.73,660.94
A100_v4.1_logs,128,2158409,655.27,659.66
A100_v4.1_logs,16,1797821,628.02,634.00
A100_v4.1_logs,256,1953083,668.08,683.53
A100_v4.1_logs,16,2155161,597.47,601.66
A100_v4.1_logs,64,1842032,660.75,678.79
A100_v4.1_logs,64,2276088,637.35,644.38
A100_v4.1_logs,256,1979912,670.85,687.69
A100_v4.1_logs,256,1844799,685.07,691.48
A100_v4.1_logs,256,1968520,671.11,690.16
A100_v4.1_logs,16,1737444,648.02,653.93
A100_v4.1_logs,16,1718780,648.12,668.10
A100_v4.1_logs,64,1879392,674.89,680.29
A100_v4.1_logs,32,2000031,654.89,659.16
A100_v4.1_logs,128,2100832,653.78,657.87
A100_v4.1_logs,16,1749329,637.85,652.47
A100_v4.1_logs,64,1828348,689.80,694.35
H100_v4.1_logs,256,1518188,832.37,838.55
H100_v4.1_logs,16,1348723,798.98,808.68
H100_v4.1_logs,16,1342744,803.13,810.72
H100_v4.1_logs,64,1573841,772.86,781.54
H100_v4.1_logs,16,1544607,718.39,726.52
H100_v4.1_logs,256,1594131,836.79,847.49
H100_v4.1_logs,32,1464076,774.06,781.48
H100_v4.1_logs,128,1567381,810.56,815.00
H100_v4.1_logs,256,2206612,836.40,841.17
H100_v4.1_logs,256,3087222,832.45,836.54
H100_v4.1_logs,128,1416254,845.94,851.09
H100_v4.1_logs,128,1515232,818.99,824.28
H100_v4.1_logs,256,1561151,830.65,835.70
H100_v4.1_logs,64,1588733,772.76,780.20
H100_v4.1_logs,64,1412169,835.02,841.73
H100_v4.1_logs,32,1543765,747.33,754.15
H100_v4.1_logs,32,1535273,754.30,760.98
H100_v4.1_logs,32,2964586,711.80,716.34
H100_v4.1_logs,256,1507353,836.81,841.26
H100_v4.1_logs,128,1513269,819.54,824.91
H100_v4.1_logs,256,1423525,855.99,859.57
H100_v4.1_logs,256,1573270,830.54,834.68
H100_v4.1_logs,128,2892669,823.39,829.19
H100_v4.1_logs,128,1506028,818.37,824.68
H100_v4.1_logs,16,1503105,740.62,751.84
H100_v4.1_logs,128,1494611,822.36,827.20
H100_v4.1_logs,128,1410285,848.61,853.23
H100_v4.1_logs,256,2913901,822.27,826.67
H100_v4.1_logs,32,1493691,767.74,775.90
H100_v4.1_logs,16,1563144,721.43,725.16
H100_v4.1_logs,64,1497857,802.55,809.92
H100_v4.1_logs,16,1366881,787.39,799.09
H100_v4.1_logs,64,3380330,776.85,784.29
H100_v4.1_logs,64,1416666,831.82,838.66
H100_v4.1_logs,32,1480971,767.92,775.69
H100_v4.1_logs,256,1413851,854.13,859.02
H100_v4.1_logs,16,1481002,744.48,753.59
H100_v4.1_logs,16,1443496,747.86,757.93
H100_v4.1_logs,64,1409655,840.20,845.36
H100_v4.1_logs,32,1491758,772.47,779.67
H100_v4.1_logs,16,1467785,742.06,752.57
H100_v4.1_logs,32,2374352,757.93,763.68
H100_v4.1_logs,16,1474022,743.04,751.86
H100_v4.1_logs,64,1415664,831.33,839.30
H100_v4.1_logs,64,1514211,797.35,803.28
H100_v4.1_logs,128,1511737,819.19,823.95
H100_v4.1_logs,32,1472989,775.77,781.66
H100_v4.1_logs,16,1572319,704.78,714.56
H100_v4.1_logs,64,1585047,773.69,782.64
H100_v4.1_logs,16,1527681,715.16,724.06
H100_v4.1_logs,16,1343355,804.06,811.36
H100_v4.1_logs,128,1420802,842.65,848.20
H100_v4.1_logs,256,1517427,835.97,840.48
H100_v4.1_logs,64,1423655,829.54,837.39
H100_v4.1_logs,32,1477236,765.60,772.63
H100_v4.1_logs,64,2458417,787.08,794.42
H100_v4.1_logs,16,1484237,736.46,747.86
H100_v4.1_logs,128,1514090,818.18,823.08
H100_v4.1_logs,32,2883395,721.95,728.40
H100_v4.1_logs,16,1349895,800.17,808.84
H100_v4.1_logs,32,1345537,819.70,825.16
H100_v4.1_logs,32,1529234,750.71,757.36
H100_v4.1_logs,64,1512409,793.69,801.24
H100_v4.1_logs,64,1415473,834.28,840.43
H100_v4.1_logs,128,1501662,820.74,825.65
H100_v4.1_logs,32,1486690,770.55,778.33
H100_v4.1_logs,32,1450025,779.51,787.49
H100_v4.1_logs,256,2884909,834.65,838.54
H100_v4.1_logs,256,1508775,838.24,843.05
H100_v4.1_logs,32,1553320,745.21,751.88
H100_v4.1_logs,32,2095813,761.72,766.26
H100_v4.1_logs,16,2148594,705.70,718.12
H100_v4.1_logs,16,1520031,726.47,731.65
H100_v4.1_logs,64,2741111,788.39,794.82
H100_v4.1_logs,128,2914991,810.20,815.43
H100_v4.1_logs,32,1348252,815.06,822.27
H100_v4.1_logs,16,1470387,746.23,754.31
H100_v4.1_logs,256,2604766,824.46,828.57
H100_v4.1_logs,16,1491217,739.82,748.91
H100_v4.1_logs,64,1510385,796.79,802.95
H100_v4.1_logs,32,1367120,809.96,820.50
H100_v4.1_logs,64,1503895,799.83,806.15
H100_v4.1_logs,128,2413309,813.59,818.55
H100_v4.1_logs,16,1477206,746.24,756.26
H100_v4.1_logs,128,1598197,798.86,805.67
H100_v4.1_logs,256,1514904,837.80,842.72
H100_v4.1_logs,256,1570646,829.71,834.30
H100_v4.1_logs,256,1530106,836.55,840.65
H100_v4.1_logs,128,1560541,811.40,815.89
H100_v4.1_logs,64,1424908,829.85,836.89
H100_v4.1_logs,64,1505949,799.53,806.47
H100_v4.1_logs,64,1510596,797.57,804.46
H100_v4.1_logs,256,1510327,838.92,843.43
H100_v4.1_logs,128,2554221,812.19,817.07
H100_v4.1_logs,32,1421302,819.44,825.23
H100_v4.1_logs,16,1467913,737.07,747.37
H100_v4.1_logs,256,1581032,822.36,828.72
H100_v4.1_logs,128,1562403,811.17,815.48
H100_v4.1_logs,128,1421041,840.62,847.09
H100_v4.1_logs,128,2543144,838.08,842.49
H100_v4.1_logs,256,2775613,819.66,823.83
QRTX6000_v1.1_logs,128,5996584,214.53,216.79
QRTX6000_v1.1_logs,16,5557069,191.70,194.20
QRTX6000_v1.1_logs,32,5272121,194.69,196.43
QRTX6000_v1.1_logs,32,5352922,194.12,195.94
QRTX6000_v1.1_logs,128,5427226,218.93,221.39
QRTX6000_v1.1_logs,32,5291180,197.12,199.86
QRTX6000_v1.1_logs,64,6007517,201.88,204.17
QRTX6000_v1.1_logs,256,6003901,220.00,222.47
QRTX6000_v1.1_logs,128,6017433,211.71,214.05
QRTX6000_v1.1_logs,256,5644643,223.32,225.86
QRTX6000_v1.1_logs,16,5291052,192.64,195.05
QRTX6000_v1.1_logs,16,5487449,192.14,194.61
QRTX6000_v1.1_logs,64,5431892,212.80,215.54
QRTX6000_v1.1_logs,32,5296860,201.77,203.49
QRTX6000_v1.1_logs,64,5891086,200.47,202.90
QRTX6000_v1.1_logs,16,5355772,192.56,195.01
QRTX6000_v1.1_logs,64,6004693,201.47,203.77
QRTX6000_v1.1_logs,128,5507365,208.79,212.02
QRTX6000_v1.1_logs,256,6012269,218.63,221.08
QRTX6000_v1.1_logs,32,5405953,194.98,196.68
QRTX6000_v1.1_logs,32,5487554,190.18,192.32
QRTX6000_v1.1_logs,64,6031199,204.12,206.61
QRTX6000_v1.1_logs,128,5993361,216.02,218.44
QRTX6000_v1.1_logs,32,5284987,194.85,196.47
QRTX6000_v1.1_logs,64,6010007,201.11,203.58
QRTX6000_v1.1_logs,128,5500549,217.87,220.35
QRTX6000_v1.1_logs,256,5286609,223.42,225.79
QRTX6000_v1.1_logs,256,5949374,220.94,223.15
QRTX6000_v1.1_logs,32,5396974,194.61,196.37
QRTX6000_v1.1_logs,16,5389633,191.92,194.31
QRTX6000_v1.1_logs,64,6014277,201.29,203.74
QRTX6000_v1.1_logs,128,5491923,213.77,216.92
QRTX6000_v1.1_logs,256,5538095,222.07,224.56
QRTX6000_v1.1_logs,32,5402755,189.18,191.70
QRTX6000_v1.1_logs,16,5282905,192.73,195.45
QRTX6000_v1.1_logs,32,5397759,194.38,196.04
QRTX6000_v1.1_logs,128,6021597,214.26,216.70
QRTX6000_v1.1_logs,256,6006321,219.74,222.16
QRTX6000_v1.1_logs,16,5439375,191.33,193.23
QRTX6000_v1.1_logs,128,5461189,218.29,220.75
QRTX6000_v1.1_logs,32,5360575,194.03,195.88
QRTX6000_v1.1_logs,16,5570634,192.90,194.89
QRTX6000_v1.1_logs,32,5375725,194.84,196.49
QRTX6000_v1.1_logs,64,5890273,200.05,202.43
QRTX6000_v1.1_logs,64,6028248,206.65,209.02
QRTX6000_v1.1_logs,128,5278316,218.84,221.34
QRTX6000_v1.1_logs,16,5340688,192.09,194.61
QRTX6000_v1.1_logs,32,5439314,194.80,196.64
QRTX6000_v1.1_logs,64,6005933,203.56,205.78
QRTX6000_v1.1_logs,256,5325744,222.52,225.05
QRTX6000_v1.1_logs,64,5278624,211.95,214.14
QRTX6000_v1.1_logs,256,5715135,219.88,222.31
QRTX6000_v1.1_logs,32,5503981,200.73,203.55
QRTX6000_v1.1_logs,256,5275385,223.54,226.00
QRTX6000_v1.1_logs,32,5415631,194.86,196.44
QRTX6000_v1.1_logs,64,6227190,199.57,202.35
QRTX6000_v1.1_logs,16,5332673,194.35,196.05
QRTX6000_v1.1_logs,32,5452267,193.99,195.71
QRTX6000_v1.1_logs,128,5408485,217.64,220.13
QRTX6000_v1.1_logs,32,5438114,194.80,196.53
QRTX6000_v1.1_logs,64,5978647,207.03,209.44
QRTX6000_v1.1_logs,16,5268447,193.13,195.46
QRTX6000_v1.1_logs,256,5964415,219.58,221.87
QRTX6000_v1.1_logs,16,5481695,191.97,193.62
QRTX6000_v1.1_logs,16,5333231,192.93,194.70
QRTX6000_v1.1_logs,64,6024915,201.70,204.13
QRTX6000_v1.1_logs,32,5259650,195.00,196.76
QRTX6000_v1.1_logs,64,6005907,200.08,202.54
QRTX6000_v1.1_logs,256,5336036,222.65,225.18
QRTX6000_v1.1_logs,128,6042449,211.36,213.64
QRTX6000_v1.1_logs,32,5399997,194.27,196.15
QRTX6000_v1.1_logs,32,5282911,204.57,207.33
QRTX6000_v1.1_logs,16,5447155,192.43,194.84
QRTX6000_v1.1_logs,64,5467946,207.76,210.09
QRTX6000_v1.1_logs,256,5275861,223.04,225.57
QRTX6000_v1.1_logs,16,5492143,188.99,192.14
QRTX6000_v1.1_logs,256,5341928,222.66,225.26
QRTX6000_v1.1_logs,16,5350891,192.06,194.52
QRTX6000_v1.1_logs,128,5495192,219.10,221.51
QRTX6000_v1.1_logs,256,5420889,223.26,225.72
QRTX6000_v1.1_logs,64,5468545,211.98,214.54
QRTX6000_v1.1_logs,128,6049889,213.04,215.40
QRTX6000_v1.1_logs,16,5404405,191.60,194.21
QRTX6000_v1.1_logs,128,6004745,211.75,214.13
QRTX6000_v1.1_logs,128,6106895,207.91,211.10
QRTX6000_v1.1_logs,32,5393539,203.89,206.29
QRTX6000_v1.1_logs,16,5273214,193.27,195.68
QRTX6000_v1.1_logs,128,5358556,217.27,219.69
QRTX6000_v1.1_logs,64,6304824,196.76,199.75
QRTX6000_v1.1_logs,128,6028653,214.25,216.59
QRTX6000_v1.1_logs,32,5557191,196.32,198.96
QRTX6000_v1.1_logs,16,5347277,193.03,195.21
QRTX6000_v1.1_logs,256,6263444,218.98,221.39
QRTX6000_v1.1_logs,32,5283596,195.92,197.31
QRTX6000_v1.1_logs,256,5302718,222.65,225.18
QRTX6000_v1.1_logs,64,5731533,202.83,205.38
QRTX6000_v1.1_logs,256,6011119,220.29,222.82
QRTX6000_v1.1_logs,128,6003586,214.35,216.71
QRTX6000_v1.1_logs,16,5442243,192.74,195.14
QRTX6000_v1.1_logs,128,6008138,214.54,216.80
QRTX6000_v1.1_logs,256,5377785,222.85,225.29
QRTX6000_v1.1_logs,256,6004488,220.46,222.88
QRTX6000_v1.1_logs,16,5255470,193.42,195.63
QRTX6000_v1.1_logs,64,6204494,196.96,199.66
QRTX6000_v1.1_logs,32,5259929,196.70,199.28
2080Ti_v1.1_logs,16,5578051,195.35,198.88
2080Ti_v1.1_logs,32,5495638,199.76,201.13
2080Ti_v1.1_logs,32,5639707,206.81,209.97
2080Ti_v1.1_logs,16,5371416,194.21,197.56
2080Ti_v1.1_logs,64,6464114,206.59,209.13
2080Ti_v1.1_logs,256,5779321,231.84,234.34
2080Ti_v1.1_logs,32,5433408,197.37,200.33
2080Ti_v1.1_logs,64,6958641,209.05,211.94
2080Ti_v1.1_logs,256,6462222,230.78,233.47
2080Ti_v1.1_logs,128,5787247,218.30,221.15
2080Ti_v1.1_logs,16,5382857,195.43,198.85
2080Ti_v1.1_logs,256,5910347,229.60,231.76
2080Ti_v1.1_logs,128,6439972,223.96,226.21
2080Ti_v1.1_logs,16,5226950,195.39,198.37
2080Ti_v1.1_logs,32,5602039,202.62,206.73
2080Ti_v1.1_logs,128,6500592,223.47,226.48
2080Ti_v1.1_logs,16,5632230,193.90,197.36
2080Ti_v1.1_logs,256,6465907,229.81,232.80
2080Ti_v1.1_logs,32,5224789,199.93,201.13
2080Ti_v1.1_logs,32,5455048,197.42,199.53
2080Ti_v1.1_logs,128,6515038,217.45,219.01
2080Ti_v1.1_logs,16,5299815,197.12,200.29
2080Ti_v1.1_logs,32,5450334,198.04,200.24
2080Ti_v1.1_logs,256,6068208,230.70,232.91
2080Ti_v1.1_logs,128,6426077,225.06,227.51
2080Ti_v1.1_logs,16,5624041,194.10,197.52
2080Ti_v1.1_logs,64,5661758,217.67,220.11
2080Ti_v1.1_logs,16,5521226,197.30,200.35
2080Ti_v1.1_logs,32,5210772,204.72,207.00
2080Ti_v1.1_logs,256,5424106,233.67,236.19
2080Ti_v1.1_logs,16,5593285,193.89,197.27
2080Ti_v1.1_logs,64,6454797,207.32,209.53
2080Ti_v1.1_logs,128,6495586,221.66,223.64
2080Ti_v1.1_logs,64,6732047,214.72,217.60
2080Ti_v1.1_logs,16,5554059,193.70,197.12
2080Ti_v1.1_logs,32,5689891,199.63,202.63
2080Ti_v1.1_logs,64,6455175,205.75,208.50
2080Ti_v1.1_logs,16,5641206,195.10,198.54
2080Ti_v1.1_logs,128,5642243,223.43,226.00
2080Ti_v1.1_logs,16,5214079,197.08,200.34
2080Ti_v1.1_logs,64,5366304,224.53,226.64
2080Ti_v1.1_logs,128,6529443,220.49,222.72
2080Ti_v1.1_logs,256,5903915,230.81,233.22
2080Ti_v1.1_logs,128,5661133,226.55,228.61
2080Ti_v1.1_logs,256,6472444,231.05,233.28
2080Ti_v1.1_logs,16,5472652,195.71,198.74
2080Ti_v1.1_logs,256,6451924,228.07,231.00
2080Ti_v1.1_logs,128,6545455,222.76,225.13
2080Ti_v1.1_logs,16,5361660,194.78,198.28
2080Ti_v1.1_logs,32,5269771,199.60,201.36
2080Ti_v1.1_logs,16,5509668,195.18,198.28
2080Ti_v1.1_logs,256,6431566,229.09,231.29
2080Ti_v1.1_logs,64,6502163,205.45,207.71
2080Ti_v1.1_logs,16,5582716,195.31,198.77
2080Ti_v1.1_logs,16,5702999,195.13,198.42
2080Ti_v1.1_logs,32,5641170,200.19,202.46
2080Ti_v1.1_logs,16,5568135,194.51,197.80
2080Ti_v1.1_logs,64,5644229,222.07,225.16
2080Ti_v1.1_logs,32,5775659,192.97,195.29
2080Ti_v1.1_logs,64,5218143,222.00,225.19
2080Ti_v1.1_logs,256,6452539,231.68,234.05
2080Ti_v1.1_logs,64,6457052,210.53,212.70
2080Ti_v1.1_logs,64,5673438,216.36,219.70
2080Ti_v1.1_logs,16,5432579,197.26,200.48
2080Ti_v1.1_logs,16,5239058,196.45,199.13
2080Ti_v1.1_logs,128,5696414,226.82,228.84
2080Ti_v1.1_logs,16,5946180,188.49,192.41
2080Ti_v1.1_logs,256,6453892,231.04,233.43
2080Ti_v1.1_logs,32,5641362,206.50,208.50
2080Ti_v1.1_logs,64,6502611,197.33,199.31
2080Ti_v1.1_logs,16,5218614,196.12,199.36
2080Ti_v1.1_logs,64,5553625,220.26,222.32
2080Ti_v1.1_logs,32,5520765,199.05,200.66
2080Ti_v1.1_logs,16,6019112,191.25,194.41
2080Ti_v1.1_logs,32,5681453,197.87,200.07
2080Ti_v1.1_logs,256,6499920,234.74,235.60
2080Ti_v1.1_logs,256,5710823,219.40,223.26
2080Ti_v1.1_logs,128,5778811,227.76,229.94
2080Ti_v1.1_logs,256,6192219,227.83,230.88
2080Ti_v1.1_logs,256,6141975,231.17,233.72
2080Ti_v1.1_logs,64,6451072,209.56,212.61
2080Ti_v1.1_logs,128,6385722,227.92,230.44
2080Ti_v1.1_logs,16,5143673,198.29,200.76
2080Ti_v1.1_logs,64,5638830,216.89,219.59
2080Ti_v1.1_logs,128,5799239,228.75,231.23
2080Ti_v1.1_logs,64,6454814,212.99,215.90
2080Ti_v1.1_logs,32,5517049,202.92,205.70
2080Ti_v1.1_logs,16,5509599,191.12,194.83
2080Ti_v1.1_logs,128,5430734,229.94,232.41
2080Ti_v1.1_logs,128,6430817,226.84,228.86
2080Ti_v1.1_logs,128,6432585,218.37,220.58
2080Ti_v1.1_logs,128,6017972,222.07,224.33
2080Ti_v1.1_logs,16,5319527,196.08,199.29
2080Ti_v1.1_logs,64,5532933,219.62,222.78
2080Ti_v1.1_logs,256,6459420,229.48,232.43
2080Ti_v1.1_logs,16,6049108,191.51,195.57
2080Ti_v1.1_logs,32,5699111,198.83,200.86
2080Ti_v1.1_logs,64,5743962,221.71,224.14
2080Ti_v1.1_logs,32,5478490,197.66,199.88
2080Ti_v1.1_logs,32,5604426,197.76,199.64
2080Ti_v1.1_logs,128,6517018,223.63,226.09
2080Ti_v1.1_logs,256,5674277,233.43,235.69
2080Ti_v1.1_logs,128,5992951,222.93,224.99
2080Ti_v1.1_logs,64,6907155,211.32,214.34
2080Ti_v1.1_logs,256,6472894,228.48,230.85
2080Ti_v1.1_logs,256,6392564,228.35,231.32
2080Ti_v1.1_logs,32,5693315,201.65,205.11
A40_v1.1_logs,128,4311986,279.72,282.07
A40_v1.1_logs,16,4563081,278.33,280.96
A40_v1.1_logs,256,4596106,279.61,281.88
A40_v1.1_logs,16,3913559,283.48,286.04
A40_v1.1_logs,16,4228214,284.45,286.76
A40_v1.1_logs,32,4132931,276.49,284.92
A40_v1.1_logs,64,4413927,281.18,285.45
A40_v1.1_logs,128,4541193,279.59,282.52
A40_v1.1_logs,256,4361119,279.42,282.01
A40_v1.1_logs,256,4313149,280.00,282.80
A40_v1.1_logs,128,4539188,279.17,281.71
A40_v1.1_logs,256,4320673,279.46,282.02
A40_v1.1_logs,256,4411813,282.58,285.32
A40_v1.1_logs,256,4384904,279.45,281.97
A40_v1.1_logs,32,4897630,278.14,280.68
A40_v1.1_logs,128,4331783,279.88,281.96
A40_v1.1_logs,32,4462834,283.65,286.43
A40_v1.1_logs,256,4537506,281.22,284.45
A40_v1.1_logs,64,4681428,282.86,285.09
A40_v1.1_logs,16,4153239,279.10,283.69
A40_v1.1_logs,32,4491237,282.53,283.80
A40_v1.1_logs,256,4310564,279.04,281.65
A40_v1.1_logs,16,3723055,283.45,285.63
A40_v1.1_logs,16,4136874,285.93,288.21
A40_v1.1_logs,16,3727793,285.29,287.48
A40_v1.1_logs,256,4287150,282.77,285.44
A40_v1.1_logs,16,4484901,278.75,281.65
A40_v1.1_logs,64,4670267,284.40,286.94
A40_v1.1_logs,128,4311374,280.75,283.41
A40_v1.1_logs,64,5449065,283.65,285.11
A40_v1.1_logs,128,4584104,282.13,284.47
A40_v1.1_logs,32,4820731,281.88,284.85
A40_v1.1_logs,16,4651622,278.85,281.44
A40_v1.1_logs,64,4390878,285.31,286.60
A40_v1.1_logs,128,4516516,282.23,283.43
A40_v1.1_logs,256,4275008,283.97,286.38
A40_v1.1_logs,16,4710384,278.04,280.67
A40_v1.1_logs,64,4242434,281.78,285.01
A40_v1.1_logs,256,4312888,282.41,285.02
A40_v1.1_logs,16,4214809,278.39,280.74
A40_v1.1_logs,16,3751096,284.13,287.07
A40_v1.1_logs,64,4217875,283.36,284.80
A40_v1.1_logs,128,4341851,281.28,283.60
A40_v1.1_logs,32,4451125,284.51,287.34
A40_v1.1_logs,16,4743343,280.63,283.15
A40_v1.1_logs,16,4722327,275.35,278.08
A40_v1.1_logs,32,4768080,284.77,286.16
A40_v1.1_logs,64,4411930,282.71,285.95
A40_v1.1_logs,32,4463483,283.85,286.22
A40_v1.1_logs,16,3948544,281.61,284.01
A40_v1.1_logs,32,4620407,281.49,282.88
A40_v1.1_logs,256,4393880,280.79,283.90
A40_v1.1_logs,64,4479935,282.37,285.60
A40_v1.1_logs,16,4644171,279.94,282.59
A40_v1.1_logs,16,3840443,278.59,281.79
A40_v1.1_logs,32,4605907,283.31,285.29
A40_v1.1_logs,16,4431204,280.63,283.04
A40_v1.1_logs,64,4461962,285.06,288.16
A40_v1.1_logs,256,4401162,280.44,282.85
A40_v1.1_logs,128,4308329,282.91,285.45
A40_v1.1_logs,128,4497912,280.17,282.50
A40_v1.1_logs,64,4606087,282.98,285.29
A40_v1.1_logs,256,4325082,279.04,281.87
A40_v1.1_logs,32,4492857,285.50,287.54
A40_v1.1_logs,32,3824133,287.00,289.02
A40_v1.1_logs,32,4094446,284.66,286.82
A40_v1.1_logs,32,4329102,282.43,284.13
A40_v1.1_logs,256,4305555,281.41,283.84
A40_v1.1_logs,64,4504946,283.17,284.44
A40_v1.1_logs,256,4324161,281.72,284.51
A40_v1.1_logs,128,4727970,279.90,282.72
A40_v1.1_logs,16,3719979,282.95,285.25
A40_v1.1_logs,64,4556632,286.18,288.31
A40_v1.1_logs,128,4292159,282.35,284.56
A40_v1.1_logs,16,3639600,284.94,287.07
A40_v1.1_logs,16,3730398,284.79,287.21
A40_v1.1_logs,16,4263444,276.45,279.07
A40_v1.1_logs,32,4556158,285.24,288.28
A40_v1.1_logs,32,4634534,282.77,285.51
A40_v1.1_logs,64,4689284,283.13,285.14
A40_v1.1_logs,128,4329679,280.49,283.19
A40_v1.1_logs,128,4318509,279.79,282.75
A40_v1.1_logs,64,4264542,281.57,284.35
A40_v1.1_logs,128,4308770,285.63,288.29
A40_v1.1_logs,16,4442997,279.93,283.52
A40_v1.1_logs,32,4507885,281.51,284.42
A40_v1.1_logs,128,4875834,280.88,282.76
A40_v1.1_logs,16,3765733,280.69,283.99
A40_v1.1_logs,32,4295790,281.31,282.81
A40_v1.1_logs,16,4768239,278.55,281.07
A40_v1.1_logs,64,4859769,277.40,280.02
A40_v1.1_logs,64,4312883,282.09,284.92
A40_v1.1_logs,16,3855150,281.64,283.79
A40_v1.1_logs,128,4629567,283.62,285.70
A40_v1.1_logs,256,4358404,280.34,283.12
A40_v1.1_logs,64,4504986,282.74,285.64
A40_v1.1_logs,128,4294423,281.93,284.76
A40_v1.1_logs,64,4236710,279.45,285.12
A40_v1.1_logs,256,5656305,279.33,282.16
A40_v1.1_logs,32,4450661,286.83,288.42
A40_v1.1_logs,16,4667504,269.78,272.49
A40_v1.1_logs,128,4293602,283.56,286.28
A40_v1.1_logs,32,5359318,280.66,282.57
A40_v1.1_logs,16,3879310,285.36,287.97
A40_v1.1_logs,16,4152855,279.49,281.93
A40_v1.1_logs,16,4098077,276.64,283.09
A40_v1.1_logs,128,4488885,280.27,283.07
A40_v1.1_logs,16,3692057,281.38,284.28
A40_v1.1_logs,256,4694029,279.79,282.54
A40_v1.1_logs,64,4635926,284.43,285.90
A40_v1.1_logs,16,4342065,277.79,280.29
A40_v1.1_logs,256,4328067,280.25,283.27
QRTX8000_v1.1_logs,16,5882342,174.27,176.37
QRTX8000_v1.1_logs,256,5867987,199.98,202.18
QRTX8000_v1.1_logs,32,5922678,188.14,190.58
QRTX8000_v1.1_logs,128,5969603,196.72,198.89
QRTX8000_v1.1_logs,32,5848633,175.73,177.21
QRTX8000_v1.1_logs,16,5854724,174.43,176.53
QRTX8000_v1.1_logs,256,6744722,198.87,201.17
QRTX8000_v1.1_logs,32,5877841,175.83,177.27
QRTX8000_v1.1_logs,256,6766571,198.54,200.66
QRTX8000_v1.1_logs,32,5984090,175.66,177.24
QRTX8000_v1.1_logs,64,5904056,189.12,191.37
QRTX8000_v1.1_logs,16,5880682,174.32,176.33
QRTX8000_v1.1_logs,256,6411883,198.49,200.75
QRTX8000_v1.1_logs,32,5881311,175.72,177.18
QRTX8000_v1.1_logs,16,6111990,173.52,175.65
QRTX8000_v1.1_logs,32,5877781,175.76,177.20
QRTX8000_v1.1_logs,16,5850848,174.41,176.36
QRTX8000_v1.1_logs,32,6153221,173.64,175.68
QRTX8000_v1.1_logs,256,6720892,195.03,197.81
QRTX8000_v1.1_logs,32,5853183,187.71,190.00
QRTX8000_v1.1_logs,256,5992810,202.66,204.89
QRTX8000_v1.1_logs,16,5857969,173.79,175.92
QRTX8000_v1.1_logs,16,5860010,174.40,176.48
QRTX8000_v1.1_logs,256,5996398,200.95,203.11
QRTX8000_v1.1_logs,32,5851178,176.56,179.05
QRTX8000_v1.1_logs,64,6838661,184.08,186.31
QRTX8000_v1.1_logs,64,5989948,189.99,192.09
QRTX8000_v1.1_logs,128,5861420,198.52,200.74
QRTX8000_v1.1_logs,64,5937092,194.57,196.72
QRTX8000_v1.1_logs,16,5858919,174.19,176.20
QRTX8000_v1.1_logs,64,6734242,186.63,188.90
QRTX8000_v1.1_logs,32,5868163,181.43,183.92
QRTX8000_v1.1_logs,16,6020969,173.10,175.19
QRTX8000_v1.1_logs,128,5888077,196.48,198.77
QRTX8000_v1.1_logs,128,5868460,198.53,200.80
QRTX8000_v1.1_logs,16,5857253,173.85,176.00
QRTX8000_v1.1_logs,16,5922747,173.73,175.95
QRTX8000_v1.1_logs,256,5881304,201.48,203.79
QRTX8000_v1.1_logs,64,6724793,186.94,189.18
QRTX8000_v1.1_logs,128,6182775,195.27,197.36
QRTX8000_v1.1_logs,16,5919645,173.92,176.10
QRTX8000_v1.1_logs,32,5858754,175.79,177.38
QRTX8000_v1.1_logs,256,5857854,201.79,204.04
QRTX8000_v1.1_logs,64,5854060,191.67,193.93
QRTX8000_v1.1_logs,128,6747032,193.16,195.27
QRTX8000_v1.1_logs,64,5948275,193.06,195.25
QRTX8000_v1.1_logs,64,5905006,196.00,197.49
QRTX8000_v1.1_logs,64,5898613,190.81,192.95
QRTX8000_v1.1_logs,32,5872238,184.74,187.05
QRTX8000_v1.1_logs,256,6746542,198.50,200.68
QRTX8000_v1.1_logs,64,6699630,185.46,187.67
QRTX8000_v1.1_logs,256,5893788,200.03,202.30
QRTX8000_v1.1_logs,64,6731435,184.36,186.59
QRTX8000_v1.1_logs,64,6753941,182.58,184.76
QRTX8000_v1.1_logs,256,6657631,198.67,200.55
QRTX8000_v1.1_logs,128,6092343,199.02,201.27
QRTX8000_v1.1_logs,64,6050363,189.20,191.34
QRTX8000_v1.1_logs,64,6193032,187.24,189.45
QRTX8000_v1.1_logs,128,5853326,198.07,200.30
QRTX8000_v1.1_logs,32,6043445,175.26,176.84
QRTX8000_v1.1_logs,64,6766046,184.29,186.46
QRTX8000_v1.1_logs,64,5851746,193.09,195.14
QRTX8000_v1.1_logs,16,5859100,173.92,175.94
QRTX8000_v1.1_logs,256,6731806,198.78,201.00
QRTX8000_v1.1_logs,128,5910568,198.77,200.90
QRTX8000_v1.1_logs,128,6071543,195.39,197.49
QRTX8000_v1.1_logs,64,5978144,194.95,197.18
QRTX8000_v1.1_logs,16,5989007,173.79,175.97
QRTX8000_v1.1_logs,256,6734168,198.23,200.50
QRTX8000_v1.1_logs,32,5954233,185.30,187.74
QRTX8000_v1.1_logs,16,5888847,174.59,176.64
QRTX8000_v1.1_logs,16,5874505,174.39,176.66
QRTX8000_v1.1_logs,128,5857777,199.59,201.89
QRTX8000_v1.1_logs,128,6778736,193.41,195.49
QRTX8000_v1.1_logs,256,6780745,198.63,200.90
QRTX8000_v1.1_logs,32,5960440,178.25,180.26
QRTX8000_v1.1_logs,16,5922985,173.40,175.65
QRTX8000_v1.1_logs,256,5861088,201.34,203.59
QRTX8000_v1.1_logs,128,5946879,197.45,199.37
QRTX8000_v1.1_logs,16,5859683,174.29,176.47
QRTX8000_v1.1_logs,256,5860333,201.34,203.59
QRTX8000_v1.1_logs,32,5863533,176.01,177.54
QRTX8000_v1.1_logs,128,5987912,199.62,201.99
QRTX8000_v1.1_logs,64,6728788,182.70,184.87
QRTX8000_v1.1_logs,32,5906830,179.60,182.06
QRTX8000_v1.1_logs,128,5861202,195.07,197.29
QRTX8000_v1.1_logs,128,5862181,197.29,199.42
QRTX8000_v1.1_logs,64,6733841,182.50,184.65
QRTX8000_v1.1_logs,32,5904204,176.09,177.53
QRTX8000_v1.1_logs,256,6690349,197.23,199.30
QRTX8000_v1.1_logs,256,5875073,201.55,203.77
QRTX8000_v1.1_logs,16,5894910,174.93,177.53
QRTX8000_v1.1_logs,128,6985176,193.60,195.71
QRTX8000_v1.1_logs,128,7002265,193.13,195.19
QRTX8000_v1.1_logs,128,6718623,194.18,196.32
QRTX8000_v1.1_logs,32,5866709,181.99,184.37
QRTX8000_v1.1_logs,256,6665156,198.74,200.91
QRTX8000_v1.1_logs,16,5868721,173.77,176.16
QRTX8000_v1.1_logs,16,5964776,173.90,175.51
QRTX8000_v1.1_logs,128,6894072,190.74,193.39
QRTX8000_v1.1_logs,32,6452848,184.93,187.22
T4_v1.1_logs,128,13747577,122.52,123.65
T4_v1.1_logs,32,13535036,93.62,95.10
T4_v1.1_logs,32,13799032,99.43,100.60
T4_v1.1_logs,256,13781614,128.47,128.99
T4_v1.1_logs,32,13640842,93.28,94.39
T4_v1.1_logs,32,13797259,99.12,100.34
T4_v1.1_logs,32,13799723,97.92,99.23
T4_v1.1_logs,256,13618938,126.97,127.60
T4_v1.1_logs,64,13824247,114.15,114.96
T4_v1.1_logs,16,13621677,84.20,85.71
T4_v1.1_logs,256,13619627,127.72,128.36
T4_v1.1_logs,32,13625858,97.99,98.90
T4_v1.1_logs,128,13827277,121.30,121.97
T4_v1.1_logs,16,13412508,85.19,86.30
T4_v1.1_logs,256,13621320,127.62,128.28
T4_v1.1_logs,128,13505852,121.51,122.02
T4_v1.1_logs,256,13720838,126.59,127.20
T4_v1.1_logs,128,13786821,122.85,123.63
T4_v1.1_logs,64,13451204,111.52,112.33
T4_v1.1_logs,32,13920738,96.33,97.53
T4_v1.1_logs,32,13783503,99.29,100.42
T4_v1.1_logs,128,13624129,121.49,122.36
T4_v1.1_logs,64,13699797,115.17,115.95
T4_v1.1_logs,64,13717676,115.53,116.01
T4_v1.1_logs,64,13635510,113.09,113.57
T4_v1.1_logs,32,13621107,97.09,98.44
T4_v1.1_logs,128,13714379,121.59,122.23
T4_v1.1_logs,256,13751325,127.89,128.59
T4_v1.1_logs,128,13641722,121.52,122.16
T4_v1.1_logs,256,13705460,128.35,129.02
T4_v1.1_logs,16,13704333,78.04,79.10
T4_v1.1_logs,128,13746976,122.41,122.95
T4_v1.1_logs,32,13708119,95.33,96.54
T4_v1.1_logs,16,13695348,78.46,79.72
T4_v1.1_logs,16,13569434,85.17,86.34
T4_v1.1_logs,16,13681966,78.33,79.34
T4_v1.1_logs,32,13433562,95.11,96.40
T4_v1.1_logs,256,13442415,128.38,128.67
T4_v1.1_logs,256,13434320,126.21,126.80
T4_v1.1_logs,16,13625144,84.77,86.23
T4_v1.1_logs,32,13425758,93.02,94.44
T4_v1.1_logs,256,13742087,127.60,128.27
T4_v1.1_logs,128,13647162,121.82,122.29
T4_v1.1_logs,16,13515813,86.80,88.13
T4_v1.1_logs,16,13587975,81.30,82.15
T4_v1.1_logs,16,13653161,78.87,80.47
T4_v1.1_logs,128,13856947,123.15,123.63
T4_v1.1_logs,128,13685721,122.79,123.48
T4_v1.1_logs,128,13459719,122.09,122.84
T4_v1.1_logs,32,13899991,94.11,95.45
T4_v1.1_logs,256,13723272,127.68,128.44
T4_v1.1_logs,16,13514787,85.47,86.51
T4_v1.1_logs,64,13711555,115.53,116.50
T4_v1.1_logs,128,13435163,122.77,123.50
T4_v1.1_logs,32,13699943,96.13,97.50
T4_v1.1_logs,256,13702864,127.98,128.59
T4_v1.1_logs,16,13697796,83.76,85.73
T4_v1.1_logs,32,13710844,94.21,95.61
T4_v1.1_logs,64,13789867,116.00,116.94
T4_v1.1_logs,64,13717371,114.95,115.64
T4_v1.1_logs,128,13695764,122.14,123.02
T4_v1.1_logs,256,13665987,128.96,129.38
T4_v1.1_logs,64,13621965,111.66,112.55
T4_v1.1_logs,32,13620223,98.57,99.83
T4_v1.1_logs,256,13654123,127.11,127.79
T4_v1.1_logs,64,13438019,112.29,113.04
T4_v1.1_logs,16,13639937,85.23,86.98
T4_v1.1_logs,64,13426869,111.80,112.67
T4_v1.1_logs,16,13697810,80.20,82.76
T4_v1.1_logs,128,13656881,121.91,122.42
T4_v1.1_logs,64,13651436,113.14,113.73
T4_v1.1_logs,128,13439107,121.13,121.98
T4_v1.1_logs,16,13788476,78.01,78.80
T4_v1.1_logs,128,13613555,122.73,123.59
T4_v1.1_logs,16,13433553,85.61,86.99
T4_v1.1_logs,32,13714393,96.83,98.08
T4_v1.1_logs,64,13742307,113.93,114.49
T4_v1.1_logs,128,13688055,122.74,123.42
T4_v1.1_logs,16,13641489,87.42,89.06
T4_v1.1_logs,256,13518739,127.58,128.13
T4_v1.1_logs,256,13673348,127.46,128.13
T4_v1.1_logs,256,13429639,127.39,127.99
T4_v1.1_logs,16,13723349,80.76,83.10
T4_v1.1_logs,16,13770362,80.49,82.84
T4_v1.1_logs,64,13714740,112.13,112.90
T4_v1.1_logs,64,13721038,113.11,113.91
T4_v1.1_logs,128,13729674,121.12,121.69
T4_v1.1_logs,32,13381847,95.07,96.44
T4_v1.1_logs,256,13403640,127.71,128.57
T4_v1.1_logs,128,13603490,121.92,122.61
T4_v1.1_logs,16,13499017,82.25,83.18
T4_v1.1_logs,32,13785464,92.90,94.21
T4_v1.1_logs,64,13795938,111.94,112.83
T4_v1.1_logs,64,13755392,111.36,112.07
T4_v1.1_logs,64,13729924,115.58,116.60
T4_v1.1_logs,32,13708742,97.39,98.14
T4_v1.1_logs,16,13709473,78.33,81.06
T4_v1.1_logs,256,13672268,128.09,128.65
T4_v1.1_logs,64,13432589,111.93,112.65
T4_v1.1_logs,256,13729846,128.35,128.84
T4_v1.1_logs,64,13809354,114.56,115.11
L40S_v4.1_logs,256,1616449,784.08,838.95
L40S_v4.1_logs,256,1609307,779.43,835.00
L40S_v4.1_logs,16,1413843,727.29,773.49
L40S_v4.1_logs,128,1591012,762.43,815.18
L40S_v4.1_logs,64,1602815,738.49,788.37
L40S_v4.1_logs,64,1589895,738.10,788.09
L40S_v4.1_logs,256,1590190,780.43,835.15
L40S_v4.1_logs,16,1491165,690.30,733.39
L40S_v4.1_logs,64,1549281,742.30,791.83
L40S_v4.1_logs,256,1592981,782.45,838.33
L40S_v4.1_logs,256,1597408,781.37,836.92
L40S_v4.1_logs,128,1605557,764.78,817.61
L40S_v4.1_logs,16,1490069,690.44,732.83
L40S_v4.1_logs,256,1474138,796.55,853.38
L40S_v4.1_logs,32,1505503,714.76,760.21
L40S_v4.1_logs,32,1382522,759.30,812.50
L40S_v4.1_logs,64,1589709,742.27,792.98
L40S_v4.1_logs,64,1468370,779.40,834.98
L40S_v4.1_logs,16,1519838,688.82,727.94
L40S_v4.1_logs,16,1481110,690.25,731.77
L40S_v4.1_logs,128,1631867,762.61,815.53
L40S_v4.1_logs,64,1468933,780.19,835.43
L40S_v4.1_logs,16,1512811,687.78,728.78
L40S_v4.1_logs,16,1510456,685.84,726.79
L40S_v4.1_logs,256,1597120,783.22,838.11
L40S_v4.1_logs,16,1369569,740.68,788.37
L40S_v4.1_logs,32,1493526,716.97,762.17
L40S_v4.1_logs,128,1477747,791.47,848.79
L40S_v4.1_logs,16,1384990,748.11,796.87
L40S_v4.1_logs,128,1471599,791.46,846.67
L40S_v4.1_logs,128,1589301,762.51,815.01
L40S_v4.1_logs,64,1593945,741.83,792.23
L40S_v4.1_logs,256,1595904,783.31,838.05
L40S_v4.1_logs,256,1478684,797.50,854.78
L40S_v4.1_logs,256,1593910,781.16,836.30
L40S_v4.1_logs,128,1580753,766.52,819.12
L40S_v4.1_logs,16,1509165,682.71,724.99
L40S_v4.1_logs,32,1488631,715.98,761.24
L40S_v4.1_logs,128,1599743,764.04,817.69
L40S_v4.1_logs,256,1465573,797.47,854.81
L40S_v4.1_logs,128,1500886,788.17,844.19
L40S_v4.1_logs,64,1465344,781.72,836.46
L40S_v4.1_logs,128,1589298,762.06,815.41
L40S_v4.1_logs,256,1502256,798.62,856.61
L40S_v4.1_logs,128,1588382,764.57,817.96
L40S_v4.1_logs,16,1488006,687.49,730.36
L40S_v4.1_logs,32,1484175,719.70,764.60
L40S_v4.1_logs,16,1531870,672.88,712.86
L40S_v4.1_logs,16,1358258,741.83,792.61
L40S_v4.1_logs,256,1468996,798.67,856.69
L40S_v4.1_logs,64,1487757,773.97,828.31
L40S_v4.1_logs,256,1598538,783.96,839.88
L40S_v4.1_logs,16,1509048,691.31,733.03
L40S_v4.1_logs,64,1596106,740.71,790.17
L40S_v4.1_logs,16,1375299,744.64,793.56
L40S_v4.1_logs,64,1584677,742.36,792.06
L40S_v4.1_logs,32,1371571,759.38,810.99
L40S_v4.1_logs,32,1504173,713.49,760.30
L40S_v4.1_logs,32,1501400,716.17,763.04
L40S_v4.1_logs,64,1475793,777.15,832.20
L40S_v4.1_logs,32,1366078,763.42,815.62
L40S_v4.1_logs,256,1467961,801.16,859.05
L40S_v4.1_logs,64,1476157,775.17,831.32
L40S_v4.1_logs,64,1600843,741.13,789.98
L40S_v4.1_logs,256,1475398,798.85,857.77
L40S_v4.1_logs,32,1510791,714.46,759.60
L40S_v4.1_logs,32,1493778,719.52,762.71
L40S_v4.1_logs,16,1374614,746.31,794.08
L40S_v4.1_logs,64,1474533,780.62,837.19
L40S_v4.1_logs,16,1487141,689.44,731.36
L40S_v4.1_logs,128,1501281,791.30,848.44
L40S_v4.1_logs,256,1466456,798.65,856.66
L40S_v4.1_logs,64,1538435,737.46,789.40
L40S_v4.1_logs,16,1494311,687.76,729.60
L40S_v4.1_logs,16,1499672,685.83,726.96
L40S_v4.1_logs,16,1365185,744.19,792.59
L40S_v4.1_logs,16,1354266,743.92,796.31
L40S_v4.1_logs,16,1420074,722.28,770.84
L40S_v4.1_logs,16,1380783,736.44,792.00
L40S_v4.1_logs,32,1497036,717.85,763.77
L40S_v4.1_logs,16,1481488,694.39,736.83
L40S_v4.1_logs,256,1593028,784.52,839.45
L40S_v4.1_logs,128,1598867,766.21,819.54
L40S_v4.1_logs,128,1464888,792.06,849.27
L40S_v4.1_logs,32,1511621,714.79,760.87
L40S_v4.1_logs,16,1381026,740.68,792.64
L40S_v4.1_logs,32,1393796,757.93,808.93
L40S_v4.1_logs,256,1608041,779.35,835.10
L40S_v4.1_logs,16,1390947,736.32,786.29
L40S_v4.1_logs,64,1600917,743.00,793.80
L40S_v4.1_logs,16,1367470,741.91,793.33
L40S_v4.1_logs,16,1513953,685.08,726.07
L40S_v4.1_logs,128,1536302,765.50,818.13
L40S_v4.1_logs,256,1597464,780.81,835.98
L40S_v4.1_logs,128,1608342,761.17,813.43
L40S_v4.1_logs,256,1619833,781.12,835.93
L40S_v4.1_logs,16,1391467,733.68,779.19
L40S_v4.1_logs,32,1492346,718.62,764.96
L40S_v4.1_logs,32,1362167,762.03,817.52
L40S_v4.1_logs,16,1373885,743.90,791.70
L40S_v4.1_logs,32,1493070,717.26,761.45
L40S_v4.1_logs,128,1608758,763.19,815.39
L40S_v4.1_logs,128,1583870,764.05,818.24
L40S_v4.1_logs,128,1540598,762.52,816.73
L40S_v4.1_logs,128,1485943,789.00,846.01
L40S_v4.1_logs,64,1467219,777.53,832.01
L40S_v4.1_logs,64,1585494,745.93,796.88
L40S_v4.1_logs,32,1371111,763.44,814.89
L40S_v4.1_logs,64,1619873,743.54,794.70
L40S_v4.1_logs,32,1358137,767.97,820.92
L40S_v4.1_logs,32,1501574,715.60,758.88
L40S_v4.1_logs,128,1598506,764.81,816.09
L40S_v4.1_logs,32,1368665,763.40,815.23
L40S_v4.1_logs,128,1479917,789.10,845.14
L40S_v4.1_logs,32,1499734,717.91,764.04
L40S_v4.1_logs,64,1626606,738.94,788.94
L40S_v4.1_logs,16,1492713,688.41,729.15
L40S_v4.1_logs,16,1474859,696.01,737.54
L40S_v4.1_logs,64,1736751,698.41,742.84
L40S_v4.1_logs,128,1595411,764.03,815.89
L40S_v4.1_logs,32,1484484,718.76,763.33
L40S_v4.1_logs,32,1504347,719.17,763.66
L40S_v4.1_logs,64,1625562,737.67,788.05
L40S_v4.1_logs,16,1470425,691.37,733.69
L40S_v4.1_logs,256,1606009,782.58,837.27
L40S_v4.1_logs,128,1594289,765.49,817.76
L40S_v4.1_logs,128,1584470,761.12,814.63
L40S_v4.1_logs,256,1579682,780.40,835.29
L40S_v4.1_logs,16,1497723,683.13,725.84
L40S_v4.1_logs,16,1499430,689.08,729.79
L40S_v4.1_logs,16,1486366,689.89,733.16
L40S_v4.1_logs,32,1490888,718.76,762.27
L40S_v4.1_logs,16,1485925,694.69,738.43
L40S_v4.1_logs,16,1502131,684.32,726.41
L40S_v4.1_logs,16,1412332,739.81,793.43
L40S_v4.1_logs,64,1594171,742.94,793.42
L40S_v4.1_logs,16,1480381,692.57,731.78
L40S_v4.1_logs,16,1496222,686.93,729.08
L40S_v4.1_logs,16,1368759,742.12,789.65
L40S_v4.1_logs,256,1579084,782.54,838.03
L40S_v4.1_logs,16,1372777,739.65,789.61
L40S_v4.1_logs,256,1608824,779.29,834.72
L40S_v4.1_logs,16,1470559,701.01,741.69
L40S_v4.1_logs,256,1635565,780.59,836.30
L40S_v4.1_logs,128,1619729,761.37,813.97
L40S_v4.1_logs,16,1424120,724.17,773.62
L40S_v4.1_logs,16,1509651,688.53,731.81
L40S_v4.1_logs,128,1467852,791.33,848.61
L40S_v4.1_logs,32,1371223,762.63,813.11
L40S_v4.1_logs,256,1485186,798.93,856.14
L40S_v4.1_logs,16,1509058,685.60,728.33
L40S_v4.1_logs,64,1586663,739.71,790.51
L40S_v4.1_logs,16,1465508,693.00,735.75
L40S_v4.1_logs,64,1474057,775.06,831.07
L40S_v4.1_logs,32,1497002,724.24,769.17
L40S_v4.1_logs,128,1585970,762.63,815.94
L40S_v4.1_logs,64,1612969,741.61,790.86
L40S_v4.1_logs,16,1495730,687.86,729.51
L40S_v4.1_logs,128,1488517,788.15,843.71
L40S_v4.1_logs,64,1497716,777.60,833.53
L40S_v4.1_logs,32,1362675,764.81,818.25
L40S_v4.1_logs,16,1400920,723.62,771.17
L40S_v4.1_logs,256,1598444,784.41,839.31
L40S_v4.1_logs,128,1536929,768.66,821.48
L40S_v4.1_logs,32,1479751,720.25,763.87
L40S_v4.1_logs,32,1480101,723.07,767.89
L40S_v4.1_logs,256,1471396,799.05,857.16
L40S_v4.1_logs,16,1491102,690.25,733.80
L40S_v4.1_logs,64,1605194,741.05,791.31
L40S_v4.1_logs,64,1604971,737.67,788.45
L40S_v4.1_logs,256,1604014,782.92,838.88
Orin_v4.1_logs,128,19346336,159.56,159.66
Orin_v4.1_logs,64,16981440,165.13,166.59
Orin_v4.1_logs,32,19364256,139.77,141.52
Orin_v4.1_logs,128,29635872,155.39,155.92
Orin_v4.1_logs,16,22565664,101.43,104.30
Orin_v4.1_logs,64,23315552,158.62,160.44
Orin_v4.1_logs,32,16958336,138.01,140.60
Orin_v4.1_logs,16,16980480,109.49,113.10
Orin_v4.1_logs,256,18890432,185.06,185.65
Orin_v4.1_logs,16,23350560,94.66,99.03
Orin_v4.1_logs,64,22376608,161.99,162.85
Orin_v4.1_logs,32,19028992,138.39,141.39
Orin_v4.1_logs,16,20081824,103.39,108.79
Orin_v4.1_logs,16,22766272,101.20,105.27
Orin_v4.1_logs,16,23405440,99.34,103.12
Orin_v4.1_logs,256,16983008,183.63,184.36
Orin_v4.1_logs,256,16853664,184.33,185.61
Orin_v4.1_logs,32,20381728,137.31,139.91
Orin_v4.1_logs,64,7887296,177.98,178.16
Orin_v4.1_logs,16,17700352,104.00,109.90
Orin_v4.1_logs,64,24013248,158.46,159.73
Orin_v4.1_logs,16,22920768,94.07,97.67
Orin_v4.1_logs,256,32226720,183.21,184.13
Orin_v4.1_logs,128,21341440,158.17,158.89
Orin_v4.1_logs,128,20524384,175.34,175.96
Orin_v4.1_logs,128,20902368,174.24,175.05
Orin_v4.1_logs,32,21975872,130.08,132.17
Orin_v4.1_logs,16,8660832,166.67,168.95
Orin_v4.1_logs,16,18711264,104.32,107.89
Orin_v4.1_logs,256,19298112,184.85,185.66
Orin_v4.1_logs,16,19190976,104.41,108.60
Orin_v4.1_logs,128,22853472,174.31,175.17
Orin_v4.1_logs,128,19575488,174.85,175.87
Orin_v4.1_logs,16,19970016,104.74,108.98
Orin_v4.1_logs,16,21312416,102.75,107.15
Orin_v4.1_logs,256,26083424,168.32,168.73
Orin_v4.1_logs,64,22243360,161.05,162.80
Orin_v4.1_logs,16,23325920,96.43,99.98
Orin_v4.1_logs,16,18944416,106.02,109.51
Orin_v4.1_logs,16,8110976,170.08,171.68
Orin_v4.1_logs,256,8324064,180.81,181.24
Orin_v4.1_logs,16,20006816,96.96,100.83
Orin_v4.1_logs,64,17179040,164.10,165.31
Orin_v4.1_logs,16,25010912,99.93,103.23
Orin_v4.1_logs,64,20808256,146.79,148.45
Orin_v4.1_logs,128,33338944,173.44,174.63
Orin_v4.1_logs,16,23381792,92.82,95.70
Orin_v4.1_logs,256,22915104,166.11,166.72
Orin_v4.1_logs,16,27382304,95.72,98.98
Orin_v4.1_logs,16,29256864,100.91,103.64
Orin_v4.1_logs,32,16931008,142.21,143.86
Orin_v4.1_logs,128,21667072,176.63,177.26
Orin_v4.1_logs,16,19332288,104.07,107.49
Orin_v4.1_logs,32,31528416,129.83,132.38
Orin_v4.1_logs,128,21803712,161.47,161.47
Orin_v4.1_logs,16,27231616,88.71,91.42
Orin_v4.1_logs,256,9137312,175.89,176.14
Orin_v4.1_logs,128,23252448,172.61,173.88
Orin_v4.1_logs,128,20179136,176.40,176.72
Orin_v4.1_logs,256,23808832,164.54,165.18
Orin_v4.1_logs,64,28365920,145.41,146.14
Orin_v4.1_logs,16,17397632,107.56,111.26
Orin_v4.1_logs,32,25147584,117.09,118.98
Orin_v4.1_logs,256,20135968,185.13,185.93
Orin_v4.1_logs,256,21500896,162.46,162.79
Orin_v4.1_logs,16,28537888,82.63,84.10
Orin_v4.1_logs,16,17419488,107.83,111.45
Orin_v4.1_logs,64,23419520,158.40,159.40
Orin_v4.1_logs,128,23460704,173.60,174.26
Orin_v4.1_logs,256,19731616,183.05,183.86
Orin_v4.1_logs,32,33366656,110.38,112.48
Orin_v4.1_logs,16,20667552,102.20,107.41
Orin_v4.1_logs,16,16870432,109.47,113.94
Orin_v4.1_logs,128,16987200,176.09,176.40
Orin_v4.1_logs,256,11594784,176.58,176.99
Orin_v4.1_logs,16,20427680,102.21,108.03
Orin_v4.1_logs,32,22056800,123.48,125.19
Orin_v4.1_logs,256,23518496,182.30,183.44
Orin_v4.1_logs,128,23742080,174.81,175.42
Orin_v4.1_logs,16,35987072,91.59,95.14
Orin_v4.1_logs,16,21651776,101.55,107.03
Orin_v4.1_logs,256,24080448,164.43,164.90
Orin_v4.1_logs,128,38302112,171.98,172.58
Orin_v4.1_logs,256,23424928,181.72,182.40
Orin_v4.1_logs,64,8752608,177.88,178.55
Orin_v4.1_logs,16,22954592,97.26,100.80
Orin_v4.1_logs,64,7606016,177.71,178.45
Orin_v4.1_logs,256,23071520,182.88,183.64
Orin_v4.1_logs,16,26711744,97.72,101.23
Orin_v4.1_logs,64,42999392,131.20,133.01
Orin_v4.1_logs,32,24501408,122.90,124.63
Orin_v4.1_logs,64,19296064,152.81,153.88
Orin_v4.1_logs,16,23760736,98.65,102.36
Orin_v4.1_logs,32,8376896,173.01,172.61
Orin_v4.1_logs,64,17888320,163.18,164.71
Orin_v4.1_logs,16,21581952,102.25,106.42
Orin_v4.1_logs,16,23405536,94.97,100.26
Orin_v4.1_logs,32,16985056,137.95,141.17
Orin_v4.1_logs,16,7953568,169.76,171.35
Orin_v4.1_logs,256,22089184,166.27,166.63
Orin_v4.1_logs,64,26998816,160.47,161.51
Orin_v4.1_logs,128,21576768,157.79,158.57
Orin_v4.1_logs,64,19369056,163.79,164.99
Orin_v4.1_logs,16,22100896,103.17,107.37
Orin_v4.1_logs,16,23461344,100.20,104.62
Orin_v4.1_logs,32,25921376,106.20,108.02
Orin_v4.1_logs,64,36082112,147.92,148.81
Orin_v4.1_logs,256,23726368,182.76,183.12
Orin_v4.1_logs,128,30087680,156.58,157.05
Orin_v4.1_logs,16,23346912,98.63,102.16
Orin_v4.1_logs,32,22079936,124.79,126.71
Orin_v4.1_logs,128,19934848,159.29,159.86
Orin_v4.1_logs,16,19587136,104.57,107.95
Orin_v4.1_logs,32,19709696,129.38,130.43
Orin_v4.1_logs,128,8310656,177.04,177.04
Orin_v4.1_logs,64,16984064,165.50,166.45
Orin_v4.1_logs,32,17815648,136.39,138.64
Orin_v4.1_logs,64,23504224,159.46,160.56
Orin_v4.1_logs,16,23394720,94.54,98.83
Orin_v4.1_logs,32,19972864,129.90,130.97
Orin_v4.1_logs,16,16870368,110.12,114.18
Orin_v4.1_logs,256,23406176,182.73,183.25
Orin_v4.1_logs,16,29786112,69.46,71.95
Orin_v4.1_logs,32,7816448,175.49,176.51
Orin_v4.1_logs,256,27844480,167.96,168.43
Orin_v4.1_logs,16,24429504,96.82,100.31
Orin_v4.1_logs,16,22969280,100.15,103.69
Orin_v4.1_logs,16,21509280,103.81,107.95
Orin_v4.1_logs,32,23031008,132.37,135.01
Orin_v4.1_logs,16,22849056,99.78,103.50
Orin_v4.1_logs,256,24506784,167.03,167.58
Orin_v4.1_logs,16,25647680,90.52,93.55
Orin_v4.1_logs,256,23417792,183.05,183.66
Orin_v4.1_logs,256,23035264,182.10,183.01
Orin_v4.1_logs,128,22676896,158.00,158.59
Orin_v4.1_logs,128,21607392,158.31,159.16
Orin_v4.1_logs,16,17154592,110.61,114.49
Orin_v4.1_logs,32,18525888,140.21,141.81
Orin_v4.1_logs,32,21686176,136.53,138.07
Orin_v4.1_logs,16,16958752,107.24,111.54
Orin_v4.1_logs,16,23329312,93.92,97.51
Orin_v4.1_logs,16,18874144,105.07,108.64
Orin_v4.1_logs,16,23389760,98.11,102.53
Orin_v4.1_logs,64,27815904,136.90,138.13
Orin_v4.1_logs,256,26698176,166.28,166.74
Orin_v4.1_logs,64,19387264,161.55,163.38
Orin_v4.1_logs,16,18680672,104.22,109.36
Orin_v4.1_logs,64,28433824,141.16,142.27
Orin_v4.1_logs,256,23376576,183.64,184.41
Orin_v4.1_logs,64,20750592,158.04,160.84
Orin_v4.1_logs,16,16946560,108.14,111.70
Orin_v4.1_logs,16,16859520,109.04,112.54
Orin_v4.1_logs,64,16987648,165.59,166.62
Orin_v4.1_logs,270,23364352,185.17,185.56
Orin_v4.1_logs,16,18047136,99.03,102.18
Orin_v4.1_logs,256,28206272,165.65,166.97
Orin_v4.1_logs,128,28055904,159.76,160.31
Orin_v4.1_logs,16,17912128,104.23,109.11
Orin_v4.1_logs,16,20271200,99.56,103.84
Orin_v4.1_logs,64,23761088,146.44,147.41
Orin_v4.1_logs,16,16987552,108.49,113.31
Orin_v4.1_logs,64,23336928,151.42,153.07
Orin_v4.1_logs,32,21594016,134.02,137.02
Orin_v4.1_logs,128,21452640,175.71,176.11
Orin_v4.1_logs,256,23372000,183.61,184.32
Orin_v4.1_logs,16,19359136,99.83,103.31
Orin_v4.1_logs,16,18774496,105.81,111.12
Orin_v4.1_logs,64,19296896,148.47,148.87
Orin_v4.1_logs,32,21151520,137.07,138.93
Orin_v4.1_logs,32,23331776,133.81,135.42
Orin_v4.1_logs,16,21247392,99.31,103.93
Orin_v4.1_logs,256,17932672,184.26,184.88
Orin_v4.1_logs,64,16994816,163.51,164.25
Orin_v4.1_logs,64,23727840,157.00,158.50
Orin_v4.1_logs,16,23229216,96.71,100.19
Orin_v4.1_logs,256,8329856,181.40,181.82
Orin_v4.1_logs,32,16986784,144.25,146.25
Orin_v4.1_logs,32,23409824,130.54,133.62
Orin_v4.1_logs,256,21547456,185.60,186.07
Orin_v4.1_logs,32,23400608,133.36,134.94
Orin_v4.1_logs,64,31751392,156.37,157.18
Orin_v4.1_logs,128,38945408,172.99,173.29
Orin_v4.1_logs,256,20151392,171.21,171.67
Orin_v4.1_logs,64,19490496,153.63,155.25
Orin_v4.1_logs,16,23443616,100.65,104.14
Orin_v4.1_logs,128,23356448,172.61,173.72
Orin_v4.1_logs,128,25889024,159.36,159.90
Orin_v4.1_logs,100,23746464,195.39,195.81
Orin_v4.1_logs,128,18821824,177.42,177.86
Orin_v4.1_logs,256,8539424,177.06,177.48
Orin_v4.1_logs,32,16965888,144.43,147.42
Orin_v4.1_logs,128,8275264,175.73,175.76
Orin_v4.1_logs,32,19593312,131.26,133.56
Orin_v4.1_logs,16,17234432,106.01,110.20
Orin_v4.1_logs,256,21214208,167.09,168.14
Orin_v4.1_logs,16,31154336,92.38,97.77
Orin_v4.1_logs,32,23389376,125.22,126.98
Orin_v4.1_logs,128,23385376,173.28,173.64
Orin_v4.1_logs,32,19942528,136.87,138.56
Orin_v4.1_logs,32,25280416,126.42,128.03
Orin_v4.1_logs,64,8338432,181.86,181.93
Orin_v4.1_logs,128,22900096,175.70,176.04
Orin_v4.1_logs,64,17762368,164.43,165.38
Orin_v4.1_logs,16,16971168,110.75,114.49
Orin_v4.1_logs,16,17986304,105.49,110.68
Orin_v4.1_logs,256,17552448,184.22,184.86
Orin_v4.1_logs,256,16954400,185.48,186.04
Orin_v4.1_logs,64,8228288,176.96,177.76
Orin_v4.1_logs,256,23998624,165.70,166.40
Orin_v4.1_logs,128,23569792,173.36,174.41
Orin_v4.1_logs,128,17150944,176.21,177.46
Orin_v4.1_logs,256,34821408,166.81,167.44
Orin_v4.1_logs,64,38390464,152.70,154.10
Orin_v4.1_logs,16,28722048,91.38,95.28
Orin_v4.1_logs,128,18717792,180.26,180.98
Orin_v4.1_logs,256,17728192,183.56,184.37
Orin_v4.1_logs,16,22310912,103.38,107.09
Orin_v4.1_logs,256,21937632,168.59,169.85
Orin_v4.1_logs,64,21705152,146.93,148.24
Orin_v4.1_logs,256,33372448,164.56,165.23
Orin_v4.1_logs,32,23528480,131.52,133.39
Orin_v4.1_logs,16,23440832,98.08,101.21
Xavier_v1.1_logs,16,35113327,45.53,46.32
Xavier_v1.1_logs,16,35719239,40.12,41.03
Xavier_v1.1_logs,128,35978598,46.41,46.57
Xavier_v1.1_logs,32,33239600,47.70,47.89
Xavier_v1.1_logs,32,35314510,47.39,47.58
Xavier_v1.1_logs,32,29282868,48.56,48.66
Xavier_v1.1_logs,32,39926471,44.65,44.88
Xavier_v1.1_logs,128,37816838,46.94,47.08
Xavier_v1.1_logs,16,32047626,45.88,46.68
Xavier_v1.1_logs,64,31738955,48.46,48.65
Xavier_v1.1_logs,64,39763210,48.15,48.31
Xavier_v1.1_logs,256,31904134,46.86,47.12
Xavier_v1.1_logs,256,47110570,46.69,46.84
Xavier_v1.1_logs,16,50720819,40.44,41.38
Xavier_v1.1_logs,16,32735768,42.86,43.76
Xavier_v1.1_logs,64,46479376,47.78,47.94
Xavier_v1.1_logs,128,41739727,46.26,46.41
Xavier_v1.1_logs,64,32075927,47.85,48.03
Xavier_v1.1_logs,128,47556099,46.12,46.28
Xavier_v1.1_logs,32,35225754,46.25,46.45
Xavier_v1.1_logs,256,33553343,46.63,46.80
Xavier_v1.1_logs,32,31705340,47.36,47.62
Xavier_v1.1_logs,32,37781914,45.51,45.74
Xavier_v1.1_logs,32,38861861,47.29,47.46
Xavier_v1.1_logs,128,38110821,46.04,46.21
Xavier_v1.1_logs,32,34921895,47.21,47.40
Xavier_v1.1_logs,64,30828288,48.71,48.80
Xavier_v1.1_logs,256,47310131,46.47,46.65
Xavier_v1.1_logs,256,34451360,45.66,45.82
Xavier_v1.1_logs,32,37946608,43.74,44.01
Xavier_v1.1_logs,64,37999730,47.23,47.46
Xavier_v1.1_logs,128,41639863,46.92,47.07
Xavier_v1.1_logs,256,40204188,46.29,46.50
Xavier_v1.1_logs,256,32064172,46.62,46.81
Xavier_v1.1_logs,256,33240664,47.02,47.19
Xavier_v1.1_logs,256,55522173,46.89,47.05
Xavier_v1.1_logs,64,37465159,48.12,48.31
Xavier_v1.1_logs,32,32414827,46.67,46.78
Xavier_v1.1_logs,256,41935508,46.60,46.79
Xavier_v1.1_logs,256,72154598,46.65,46.82
Xavier_v1.1_logs,128,45693844,46.53,46.79
Xavier_v1.1_logs,16,44559744,43.49,44.39
Xavier_v1.1_logs,128,37648960,47.14,47.27
Xavier_v1.1_logs,64,45645483,47.46,47.61
Xavier_v1.1_logs,64,38281025,46.50,46.77
Xavier_v1.1_logs,128,38167720,46.66,46.86
Xavier_v1.1_logs,128,32660060,46.40,46.57
Xavier_v1.1_logs,64,31317088,48.64,48.77
Xavier_v1.1_logs,32,40325886,47.19,47.39
Xavier_v1.1_logs,128,48706873,46.86,47.00
Xavier_v1.1_logs,128,37825380,47.18,47.31
Xavier_v1.1_logs,10,43680576,47.47,47.58
Xavier_v1.1_logs,256,55387904,46.43,46.58
Xavier_v1.1_logs,256,55600512,1.00,38.55
Xavier_v1.1_logs,32,38256049,46.62,46.84
Xavier_v1.1_logs,16,34497968,43.59,44.46
Xavier_v1.1_logs,128,52745754,46.48,46.70
Xavier_v1.1_logs,16,51915295,42.45,43.37
Xavier_v1.1_logs,256,46807465,46.43,46.61
Xavier_v1.1_logs,256,44106595,46.94,47.11
Xavier_v1.1_logs,128,37062935,46.99,47.14
Xavier_v1.1_logs,16,22976896,48.27,48.99
Xavier_v1.1_logs,256,37954578,46.55,46.75
Xavier_v1.1_logs,16,35373432,44.10,44.95
Xavier_v1.1_logs,256,41068882,46.42,46.64
Xavier_v1.1_logs,16,37865510,45.20,46.02
Xavier_v1.1_logs,32,39422990,42.76,43.04
Xavier_v1.1_logs,32,39135200,45.95,46.14
Xavier_v1.1_logs,256,38492931,47.11,47.27
Xavier_v1.1_logs,64,31862389,48.65,48.80
Xavier_v1.1_logs,10,22599456,48.14,48.43
Xavier_v1.1_logs,256,56301344,1.99,42.40
Xavier_v1.1_logs,256,38353309,46.95,47.11
Xavier_v1.1_logs,128,32972209,47.12,47.27
Xavier_v1.1_logs,32,45680785,46.43,46.64
Xavier_v1.1_logs,256,43430833,46.67,46.83
Xavier_v1.1_logs,64,47718385,47.10,47.27
Xavier_v1.1_logs,64,33500347,48.55,48.70
Xavier_v1.1_logs,256,47953225,46.41,46.62
Xavier_v1.1_logs,16,52929289,39.37,40.31
Xavier_v1.1_logs,64,31247276,48.48,48.69
Xavier_v1.1_logs,32,41090488,46.45,46.66
Xavier_v1.1_logs,128,54734289,45.97,46.12
Xavier_v1.1_logs,256,33062400,47.17,47.32
Xavier_v1.1_logs,64,35208869,47.84,48.00
Xavier_v1.1_logs,128,39196317,46.65,46.86
Xavier_v1.1_logs,64,37830446,47.77,47.94
Xavier_v1.1_logs,10,37455136,47.07,47.18
Xavier_v1.1_logs,256,49861822,46.69,46.85
Xavier_v1.1_logs,32,40072132,46.97,47.17
Xavier_v1.1_logs,64,30767165,47.99,48.15
Xavier_v1.1_logs,256,35184666,47.00,47.20
Xavier_v1.1_logs,16,37785017,41.72,42.65
Xavier_v1.1_logs,32,27558436,47.78,47.97
Xavier_v1.1_logs,16,42013324,44.44,45.28
Xavier_v1.1_logs,32,44346882,46.66,46.85
Xavier_v1.1_logs,256,36226903,46.79,47.01
Xavier_v1.1_logs,16,29555207,45.76,46.58
Xavier_v1.1_logs,256,54656892,46.32,46.48
Xavier_v1.1_logs,128,32165024,46.68,46.86
Xavier_v1.1_logs,128,31857271,47.31,47.46
Xavier_v1.1_logs,16,29361044,45.88,46.70
Xavier_v1.1_logs,64,35302578,47.39,47.62
Xavier_v1.1_logs,256,58314848,1.00,36.16
Xavier_v1.1_logs,64,45616794,47.58,47.74
Xavier_v1.1_logs,256,38191860,46.89,47.10
Xavier_v1.1_logs,256,44564223,46.75,46.93
Xavier_v1.1_logs,256,37926836,47.04,47.19
Xavier_v1.1_logs,16,55030234,40.25,41.18
Xavier_v1.1_logs,10,22771328,47.30,47.67
Xavier_v1.1_logs,128,37848614,46.62,46.81
Xavier_v1.1_logs,64,30600148,48.93,49.10
Xavier_v1.1_logs,128,39783040,45.81,45.95
Xavier_v1.1_logs,128,37255785,47.19,47.32
Xavier_v1.1_logs,256,38140561,46.81,47.03
Xavier_v1.1_logs,10,22832928,48.03,48.33
Xavier_v1.1_logs,128,40385449,46.41,46.52
Xavier_v1.1_logs,32,41219200,43.37,43.65
Xavier_v1.1_logs,16,44650485,42.84,43.74
Xavier_v1.1_logs,16,33499488,40.01,40.93
Xavier_v1.1_logs,64,43033433,47.99,48.16
Xavier_v1.1_logs,32,24632640,49.29,49.42
Xavier_v1.1_logs,256,54773293,46.63,46.80
Xavier_v1.1_logs,16,44313951,42.29,43.18
Xavier_v1.1_logs,32,29301428,48.62,48.78
Xavier_v1.1_logs,64,31016106,47.66,47.81
Xavier_v1.1_logs,32,29765582,47.46,47.65
Xavier_v1.1_logs,32,41122334,45.06,45.30
Xavier_v1.1_logs,256,40013564,46.48,46.66
Xavier_v1.1_logs,16,24821742,47.34,48.08
Xavier_v1.1_logs,256,46579535,46.80,46.99
Xavier_v1.1_logs,128,36985002,47.12,47.25
Xavier_v1.1_logs,64,30987310,48.74,48.89
Xavier_v1.1_logs,32,35611159,42.70,43.07
Xavier_v1.1_logs,16,40278966,44.29,45.11
Xavier_v1.1_logs,16,38144488,41.44,42.71
Xavier_v1.1_logs,256,39911124,47.06,47.23
Xavier_v1.1_logs,128,37809177,45.80,46.01
Xavier_v1.1_logs,32,43564420,46.50,46.73
Xavier_v1.1_logs,256,44525822,46.29,46.53
Xavier_v1.1_logs,256,54079757,46.36,46.61
Xavier_v1.1_logs,16,40409980,40.05,40.89
Xavier_v1.1_logs,16,38104566,42.62,43.53
Xavier_v1.1_logs,32,29455062,48.10,48.32
Xavier_v1.1_logs,256,45516020,46.30,46.52
Xavier_v1.1_logs,128,50881470,46.56,46.77
Xavier_v1.1_logs,256,40169635,46.58,46.77
Xavier_v1.1_logs,256,38568192,46.66,46.81
Xavier_v1.1_logs,64,52254425,44.37,44.48
Xavier_v1.1_logs,256,58471388,46.10,46.26
Xavier_v1.1_logs,256,38770099,46.69,46.89
Xavier_v1.1_logs,16,37771431,44.46,45.29
Xavier_v1.1_logs,32,40095984,47.03,47.24
Xavier_v1.1_logs,16,47890888,42.31,43.22
Xavier_v1.1_logs,32,37745781,47.58,47.73
Xavier_v1.1_logs,64,32252092,48.56,48.72
Xavier_v1.1_logs,256,33811767,46.51,46.69
Xavier_v1.1_logs,256,38732433,46.46,46.63
Xavier_v1.1_logs,128,39454512,46.81,46.97
Xavier_v1.1_logs,256,51946734,46.97,47.13
Xavier_v1.1_logs,32,29460090,48.00,48.18
Xavier_v1.1_logs,256,36254460,46.71,46.98
Xavier_v1.1_logs,128,31835952,47.24,47.40
Xavier_v1.1_logs,64,38619834,47.46,47.63
Xavier_v1.1_logs,256,43404747,46.75,46.91
Xavier_v1.1_logs,64,39531068,47.04,47.21
Xavier_v1.1_logs,128,31889799,47.30,47.44
Xavier_v1.1_logs,16,31893475,45.40,46.22
Xavier_v1.1_logs,256,37738716,47.01,47.19
Xavier_v1.1_logs,64,35861191,47.43,47.59
Xavier_v1.1_logs,32,35810764,48.02,48.20
Xavier_v1.1_logs,16,44526504,41.02,41.99
Xavier_v1.1_logs,256,63855646,46.70,46.89
Xavier_v1.1_logs,16,54780389,40.95,41.96
Xavier_v1.1_logs,128,35269954,46.22,46.42
Xavier_v1.1_logs,32,51473014,46.17,46.38
Xavier_v1.1_logs,32,37802995,46.47,46.65
Xavier_v1.1_logs,64,38969829,46.13,46.31
Xavier_v1.1_logs,64,36013152,48.27,48.38
Xavier_v1.1_logs,32,41856035,46.98,47.24
Xavier_v1.1_logs,32,29442995,48.35,48.38
Xavier_v1.1_logs,16,39728536,45.37,46.19
Xavier_v1.1_logs,256,33538093,46.95,47.14
Xavier_v1.1_logs,32,42654121,45.62,45.85
Xavier_v1.1_logs,256,44725566,46.71,46.90
Xavier_v1.1_logs,16,38026560,44.91,45.72
Xavier_v1.1_logs,10,23841568,46.69,47.09
Xavier_v1.1_logs,16,28585877,45.61,46.41
Xavier_v1.1_logs,256,38358094,46.92,47.11
Xavier_v1.1_logs,32,35636404,47.83,48.00
Xavier_v1.1_logs,128,37666806,46.95,47.14
Xavier_v1.1_logs,32,38301706,46.52,46.73
Xavier_v1.1_logs,64,35806864,47.91,48.16
Xavier_v1.1_logs,256,37925960,46.98,47.14
Xavier_v1.1_logs,256,43836064,46.80,46.95
Xavier_v1.1_logs,256,32198353,46.83,47.01
Xavier_v1.1_logs,256,38900163,46.64,46.80
Xavier_v1.1_logs,256,42365521,1.99,40.63
Xavier_v1.1_logs,32,45539565,46.20,46.42
Xavier_v1.1_logs,32,27431116,48.20,48.37
Xavier_v1.1_logs,10,23914432,47.99,48.26
Xavier_v1.1_logs,128,37349977,46.47,46.63
Xavier_v1.1_logs,16,47573330,43.53,44.37
Xavier_v1.1_logs,256,46557056,46.44,46.60
Xavier_v1.1_logs,64,31186990,48.00,48.18
Xavier_v1.1_logs,16,35856821,44.89,45.70
